{"float": 0.7266265520034071, "intrinsic_matrix": [[4235.297712603966, 0.0, 356.0000093549082], [0.0, 3990.5249747400394, 125.23484925433989], [0.0, 0.0, 1.0]], "distortion_coefs": [[1.6057170827559457, -1115.4716498879204, 0.2926784977043546, 0.012666321790608006, -21378.535183380358]], "rotation": [[[0.1236986714566753], [0.17811115209275188], [3.061617041194917]], [[0.1512743367459202], [0.1324899198108331], [3.052600893437857]], [[0.1604127601071799], [0.11388245054949302], [3.044070729826129]], [[0.20004086420406658], [0.11553333583746196], [3.0098153747248584]], [[0.21817432402601808], [0.11598948253578692], [3.0067819495180186]], [[0.2783285768475207], [0.11863204497889177], [3.0014751191220754]], [[0.2901097822237869], [0.10022937280071953], [3.0012577420679314]], [[0.27214312674277885], [0.07757016114991412], [2.9877228034324]], [[0.2721431267427835], [0.07757016114991355], [2.9877228034324]], [[0.2677901004400934], [0.07147715533525022], [2.9851963366178484]]], "translate": [[[5.201175511980988], [7.682627207820317], [110.7815057219654]], [[5.204977517928292], [7.335122053768881], [110.7950583016931]], [[5.230677214194299], [7.043718252598679], [110.97350745023141]], [[5.309227417750121], [6.258001715282406], [113.37999383786808]], [[5.288122809247773], [6.132410133645428], [113.90023934042553]], [[5.103360467311469], [5.990162845953215], [115.84659140755403]], [[5.049901408350895], [6.011110033223208], [115.97745777122057]], [[5.074119521143363], [5.963055406439116], [117.0484307065784]], [[5.074119521143359], [5.963055406439113], [117.04843070657833]], [[5.115459335963062], [5.922028204656292], [117.68948259113711]]]}