{
    "float": 0.29481212793406114,
    "intrinsic_matrix": [
        [
            727.3374099142774,
            0.0,
            321.66914555978434
        ],
        [
            0.0,
            730.7027111409318,
            255.96321706893582
        ],
        [
            0.0,
            0.0,
            1.0
        ]
    ],
    "distortion_coefficients": [
        [
            -0.11547062672971614,
            -1.2043451467483235,
            0.014821622975027326,
            0.005678866526923625,
            11.356873148294277
        ]
    ],
    "rotation": [
        [
            [
                -0.3075006518428421
            ],
            [
                0.38608854179055624
            ],
            [
                1.5615712184384503
            ]
        ],
        [
            [
                -0.2854877564264794
            ],
            [
                0.3795259392287358
            ],
            [
                1.5614647129431345
            ]
        ],
        [
            [
                -0.1918343975059621
            ],
            [
                0.3198006673446971
            ],
            [
                1.5598026079815455
            ]
        ],
        [
            [
                -0.16916790052924358
            ],
            [
                0.29692884533302427
            ],
            [
                1.5598279689791936
            ]
        ],
        [
            [
                -0.11360872428632064
            ],
            [
                0.23070438627399367
            ],
            [
                1.5614214242991424
            ]
        ],
        [
            [
                -0.10194285955396173
            ],
            [
                0.21713061207977413
            ],
            [
                1.5626425616795383
            ]
        ],
        [
            [
                -0.07141557828874942
            ],
            [
                0.184565228787186
            ],
            [
                1.5604928679111287
            ]
        ],
        [
            [
                -0.06902783342352674
            ],
            [
                0.17961226359565186
            ],
            [
                1.55954337361381
            ]
        ],
        [
            [
                -0.05985666174117851
            ],
            [
                0.14031627243324235
            ],
            [
                1.55295118710215
            ]
        ],
        [
            [
                -0.05346776202194965
            ],
            [
                0.14505309117196916
            ],
            [
                1.5519219332600223
            ]
        ]
    ],
    "translate": [
        [
            [
                4.374646099273599
            ],
            [
                -1.334386989351949
            ],
            [
                26.804589002104734
            ]
        ],
        [
            [
                4.214835206840705
            ],
            [
                -1.907578172016128
            ],
            [
                26.80651841385136
            ]
        ],
        [
            [
                3.63147994594913
            ],
            [
                -3.7562959231565443
            ],
            [
                26.76766439248599
            ]
        ],
        [
            [
                3.5039431539699097
            ],
            [
                -4.083136478167563
            ],
            [
                26.749246287103055
            ]
        ],
        [
            [
                3.2017778612061214
            ],
            [
                -4.873574401018931
            ],
            [
                26.540432936606976
            ]
        ],
        [
            [
                3.17730668722369
            ],
            [
                -4.962996547004197
            ],
            [
                26.43113772395587
            ]
        ],
        [
            [
                3.1445447218365152
            ],
            [
                -5.105342558706088
            ],
            [
                26.01935098452183
            ]
        ],
        [
            [
                3.13015248148714
            ],
            [
                -5.11068212724976
            ],
            [
                25.984672134929717
            ]
        ],
        [
            [
                3.0672423033661773
            ],
            [
                -5.100499714863653
            ],
            [
                25.856717836075646
            ]
        ],
        [
            [
                3.0474902819903145
            ],
            [
                -5.08872071644053
            ],
            [
                25.81403021337763
            ]
        ]
    ]
}