{"float": 0.3390244574581056, "intrinsic_matrix": [[807.1510200825576, 0.0, 321.39154248642774], [0.0, 805.2630553127697, 209.0601196238533], [0.0, 0.0, 1.0]], "distortion_coefs": [[-0.2588185812476469, 2.71028208119501, -0.004398768061705817, 0.010987635976548135, -5.746480418946573]], "rotation": [