{"float": 0.3416349952202853, "intrinsic_matrix": [[595.1927498785257, 0.0, 299.8208267663827], [0.0, 596.6127481902912, 270.3225699634137], [0.0, 0.0, 1.0]], "distortion_coefs": [[0.2703413805523997, -3.575329273539414, -0.0016138426424863934, -0.0076810519453017504, 9.720090655034587]], "rotation": [[[-0.12832248458693332], [0.2399315778585639], [1.4869349383415051]], [[-0.1125359703548536], [0.23537873572407217], [1.4889938403810925]], [[-0.07796921378415007], [0.1986111656102438], [1.4968564872265675]], [[-0.0850562876042589], [0.1913535254471235], [1.5020445498060757]], [[-0.10110162807634157], [0.1883499975411121], [1.5091732443666956]], [[-0.15937208307782058], [0.20961887530659815], [1.516683068263903]], [[-0.15790233638442222], [0.20234708265678927], [1.512413839945389]], [[-0.14536277931812397], [0.18845475396435146], [1.497867690818247]], [[-0.12351032712550163], [0.1880289339172225], [1.489556933507573]], [[-0.11884862686498736], [0.18422515874327308], [1.4923559482111874]]], "translate": [[[4.16571614354536], [-2.1756072009002363], [19.306144978194595]], [[4.143307252005731], [-2.377089798373608], [19.407134099680235]], [[4.033544846789325], [-2.694643817679814], [19.59734546984566]], [[4.011994315493755], [-2.7321207540403147], [19.69680934647517]], [[4.007772309841661], [-2.7384613009016077], [19.824057357667886]], [[3.9895875153339118], [-2.8363064959331017], [20.378820035251785]], [[3.976256122451314], [-2.89540815283025], [20.429208029594896]], [[3.9530667802232564], [-3.1345873159362094], [20.501734823033782]], [[3.9872808036274474], [-3.5745701381722528], [20.514856675702934]], [[4.008096137379115], [-3.677743626888325], [20.528317943823556]]]}